410nm,435nm,460nm,485nm,510nm,535nm,560nm,585nm,610nm,645nm,680nm,705nm,730nm,760nm,810nm,860nm,900nm,940nm,label
3.625540929148037,3.184748383584675,3.819235095274742,3.318280656804687,3.5084645654055966,3.505603954647296,3.573981671479564,3.24683162473788,3.509582599298801,3.0415579318226538,6.145454259607023,2.9978672325928026,3.0401880308820988,2.665531322358359,3.398135251510099,6.201239813599184,2.980483780920663,1.4964677855572754,PE
2.101148998439178,1.8953790350917474,1.9763967250574004,1.9344732681210017,2.056774207284,1.9329789090717502,1.981368804354476,1.9166120717290736,2.0290737053105636,1.7144946376692616,2.538834446948402,1.6657826273471215,1.5994965155037983,1.501572839500013,1.8986975521575455,2.84638710978439,1.6015846145370045,1.2212257450639616,PE
2.988316390650833,3.4204107957280967,3.697319026964691,3.8755515221668277,4.380898638385935,4.447448946152848,3.1948648201932195,3.0348199066564465,3.554196921124565,2.622779091163751,3.3467010909683963,2.5745663939560997,2.69155128671502,2.385502960033232,3.172469526235927,4.113285483116895,2.1459621559127977,1.4188217238546559,PE
1.96746203002407,2.3128960167545523,2.704732345745336,1.5953709581541662,1.952530530556145,2.1254658029194426,1.304588830928918,1.5231905909894166,1.6021948504395571,1.6965108793891486,2.6803911507960696,1.6632447198795612,1.8813296651183515,1.6632569469381682,1.5007781495613217,1.8673781940074636,1.7994256371019908,1.343928121657758,PE
1.6973876460252926,1.595278054302133,1.5753922336701933,1.6309608559136832,1.675275601304606,1.5390451451524345,1.7966765265031632,1.6363093276297611,1.6703283732418754,1.5162230898250815,1.9970753413586,1.4640972101752612,1.4521334713641953,1.3404532892425194,1.699566222417462,1.8884355511440754,1.5646396015397301,1.1657888999943722,PE
2.260335674827995,2.5815374925495798,2.3495768679685947,2.554598626996301,2.822673327517626,2.2041171031614284,2.08463206540835,2.3755906158678677,2.367621483490735,2.2248910102643267,1.8159446383207438,1.8352276346059293,2.0277546216676714,1.5031603942613085,1.7990516990788323,1.7254550864930838,1.996062314022163,1.3454521635866872,PE
2.2332607997433906,3.006247403346411,2.9609383823565385,2.5816793904168174,3.0484686715368263,2.650082212954954,2.1788110580302034,2.3569029961667174,2.758566430222235,2.1734799818283266,2.7571818084376227,2.0010366285327215,2.6120708443629153,2.0004708850162283,2.1216914377351044,2.115989197499884,2.3504737948460246,1.409829492902969,PE
2.1671838965167316,2.014551457808518,2.325952755253151,1.897752939644695,1.996343947577276,1.9071876517366642,2.0208713151206985,1.8866165469358815,1.8080353716154844,1.6750978319016256,2.4973634707395127,1.6635113352148316,1.6038967313272061,1.5230879433727524,1.7965404970061079,2.2654208303902372,1.6132177438321147,1.221807884376436,PE
3.6237107049834587,3.186537522267038,3.8224384915865484,3.3258569896886776,3.507267119105168,3.5068204416955995,3.576620961733775,3.2449391896212014,3.513910244079057,3.0337994917058304,6.152960935020955,2.9988967042451353,3.0457485879524206,2.668826013271197,3.4015604530908803,6.199825230302004,2.9770471572802006,1.4964132746322438,PE
2.0999114590380303,1.8917935394923957,1.974209216545802,1.9312137355485655,2.0611682027635716,1.9323009239698694,1.9775056625481717,1.912333335959634,2.0241809213201396,1.7136300406416987,2.53424402919777,1.667426220238617,1.6005619744533763,1.4977947030243535,1.8996928343623072,2.8429313394578983,1.6002219240962208,1.2192432986625277,PE
2.9903667056954126,3.427130877185888,3.6914502840016117,3.880661932819223,4.380963419121428,4.445624325517189,3.1949845206845953,3.034738983829484,3.559916300160735,2.619818766471492,3.342320121597585,2.5733108688646285,2.696651326680027,2.3808582161066854,3.1750102340987967,4.110791839597748,2.1425146276814604,1.4207999892537104,PE
1.971923488352286,2.314675412510231,2.7049110318370766,1.5936658375097585,1.952296084805037,2.1314634221401585,1.3019385840655113,1.52358046549793,1.6029119146678301,1.6958876078392697,2.6775083611050507,1.66858753805009,1.881174395431576,1.6689908565107874,1.4973237222717484,1.8692994326610333,1.802682925094763,1.344105220604929,PE
1.6934531656249623,1.5964465658554023,1.5764636949207569,1.6309170635244645,1.6745985131301626,1.5374599677997982,1.7962928243071539,1.6332615860654969,1.6723520228857294,1.5155224677336776,2.0030260418879506,1.4627837783132338,1.4525086656033113,1.3327966806563363,1.7036291157557917,1.8858738256877092,1.5658519916569955,1.1676360761000573,PE
2.2573855125514024,2.5765785830046837,2.3472311104940466,2.5550458297041247,2.8225518964093177,2.2036700348970553,2.0846724892198285,2.381412597712534,2.3695568946602874,2.226803624179238,1.8157738928042861,1.8317869398972908,2.0301698197698945,1.497562618821301,1.7980651249883852,1.7259235435869447,2.0039578357494223,1.3451904255686122,PE
2.2321408361841826,3.0036642807657223,2.96789448249755,2.5798658068354787,3.0481044029724225,2.6510410030487033,2.180933200821468,2.3534681093839445,2.7642449930383135,2.170110268957515,2.7618846538266846,1.9997332633083635,2.6060164646357182,1.9994900928885737,2.124751499459566,2.116902471751651,2.3537246286999745,1.4122243307983444,PE
2.1730562661108914,2.0132559408176887,2.3209261980666303,1.896864380056277,1.9972249319293733,1.9079138081144955,2.017554199149089,1.8858395378429578,1.8053746594517355,1.6774663839008963,2.4967263186502278,1.6688359454723503,1.6065387836697327,1.525488772611112,1.8004882720423858,2.266107782513861,1.6106599552691645,1.2168051776190105,PE
3.6239249172748913,3.1837392225945558,3.823007222055619,3.3201426808586385,3.5031803736504727,3.5048015915004886,3.576108474412928,3.2425276045850273,3.513953081138534,3.038558405829525,6.150574319812384,3.003607356934488,3.0473434661766468,2.6659950247006434,3.401084758027655,6.201209669539024,2.980552616131472,1.5032494991183414,PE
2.099397920540334,1.8952589225361856,1.9720538520066668,1.9289792770180798,2.0596047780031514,1.9300324212027433,1.9845722563769852,1.9128592593191835,2.024968046624384,1.709681349880775,2.537851256955428,1.6657119810070538,1.6009717294424206,1.5039568100990064,1.9018179574345955,2.8479816262003856,1.6019989096001666,1.2234443960389492,PE
2.990607389141929,3.4221198318922172,3.6911394733264595,3.878229024048144,4.378738811688496,4.440276590617509,3.1931469992694397,3.035248425900656,3.554428199665627,2.620553561448753,3.340196318359495,2.574636382194355,2.6967147150871806,2.386802335211541,3.1714167052009574,4.113275194266761,2.146033793279624,1.4157331089042888,PE
1.9671100524537943,2.317747587074717,2.705239221951892,1.596485623557277,1.9546150396769164,2.127801973947499,1.3035342600579116,1.5233955849515792,1.599657150690129,1.6969109046937507,2.6740495610793564,1.667647561426832,1.882431039576475,1.6635297016350392,1.499034191252613,1.8641624570831463,1.8019797412254608,1.3386891968977583,PE
1.6990523097631722,1.5976752053091938,1.5738739601701703,1.6243762244828315,1.6750460306159374,1.5340419534939966,1.7956279677896436,1.6349150542414965,1.6712029054804163,1.518397684146856,1.999534141472146,1.4653856356408976,1.452688962654805,1.3380714620414316,1.702894508017056,1.8834410486268498,1.5650213604441694,1.1701306160017724,PE
2.2611845169691396,2.5825824603631795,2.3434880773703153,2.561888860633088,2.8172134059437,2.2087928812807736,2.0847296504665613,2.381429175113767,2.3710011544884493,2.2296322844793357,1.8192827815517412,1.8368618382665158,2.0253362037826905,1.5011928327811774,1.8014163227392264,1.7250258054384258,2.003086638757729,1.3441793806498656,PE
2.234486945615377,3.0086115627886674,2.9649289539906363,2.5807063408897464,3.047832390477322,2.6495458639346623,2.181944863756467,2.356163820410407,2.759489873929924,2.1713334805126374,2.762032443726854,2.003588317745512,2.6059785727570266,2.0016542553064993,2.1217643164062023,2.116884589157203,2.3564130878091065,1.408831804523169,PE
2.173614296266681,2.0200710343370263,2.3237803692745547,1.895056389200483,2.003831265635589,1.9037368594476203,2.020506757021184,1.881069487314442,1.8028320818658976,1.675914996838767,2.4920344181543523,1.6691095962719098,1.6017890310396008,1.5200617615403604,1.8018562253993582,2.2674578413470967,1.6137021119416846,1.2158940894308612,PE
3.620632192791448,3.186958516579018,3.825718692959758,3.3234559402565007,3.5100008296451306,3.499467856217002,3.5797323974332604,3.2442776508455107,3.515490707924738,3.037676680325564,6.146893078612604,2.9960694843873363,3.040549647005558,2.6646923312111976,3.399579276153981,6.199290959412557,2.97760538181261,1.4965310452243863,PE
2.0970724838083643,1.892927610644894,1.9710297513307284,1.9293136269335682,2.0610496734272874,1.9284869858584313,1.984313215218281,1.9157292303539397,2.024658185555453,1.7098349656862775,2.539040582336165,1.66310603854621,1.599505056249553,1.4994021486989868,1.8997405959610991,2.8421664578761088,1.5978608289439125,1.2226014762201183,PE
2.9922836005704667,3.4215951883323954,3.6980538437517643,3.875524072042439,4.379106440395007,4.441632048280352,3.1888221997909603,3.0358834658834324,3.553642668334436,2.625014894224729,3.344536530697947,2.5725466627387163,2.6960239629071685,2.384612401609602,3.169664360579566,4.109355964269648,2.140630375777457,1.4202970573568152,PE
1.968493980969831,2.316263664222285,2.702006709012863,1.591335057613286,1.9524613634098473,2.130123619827836,1.3038876082147504,1.5214670596547173,1.6024870533902809,1.6954705092050915,2.674206463085646,1.6648388597146566,1.8850755454829335,1.6703766638144677,1.4971109747430427,1.8662055133987605,1.8018691127287307,1.3415302852974356,PE
1.7004642352947525,1.594364672031218,1.5775575125197947,1.6269630738115304,1.6784679559950633,1.5351083638564886,1.799131490037935,1.6385221307742746,1.6745355520235552,1.5161372399492943,2.002307377428542,1.4577702095027811,1.4514407539587895,1.3385839523744139,1.6984281148982359,1.8834885032347877,1.570573328764108,1.1691901371683955,PE
2.2569560894058314,2.577381343378119,2.347809239254364,2.5590380767242897,2.816409920490866,2.2092343840061917,2.088647885474814,2.3803156125449236,2.368027576733696,2.225492341576265,1.8187350270737233,1.8349885657994802,2.025397560971821,1.5035987541983455,1.798453894139918,1.7232636828733112,1.9991890603223694,1.3420707909604357,PE
2.230491122703104,3.003228104881924,2.9618517523265435,2.5844888206482657,3.052246072449482,2.6508891641488135,2.182753583705127,2.3506719861729395,2.760842714207267,2.174906581091997,2.7596572467484197,1.99869119035605,2.6071049970445808,1.9964163198103633,2.121887688118537,2.120362282772414,2.3526323776646905,1.413166689297301,PE
2.172808427220919,2.0195605865609187,2.327972464888829,1.8971254406311469,1.9992558254380337,1.9063280345953806,2.020514237169486,1.8856565738953206,1.801961166588432,1.6773558964344706,2.495014171957543,1.6654148631410335,1.6041881011964143,1.5227075424852041,1.7941525997170467,2.266838181707046,1.6136959914773232,1.2163079869442648,PE
3.625628146790989,3.1860384032719544,3.820949285360826,3.3223237254980647,3.5042104804406526,3.499575855884479,3.5755633290504427,3.241952014312904,3.510752332422797,3.0399313536768098,6.151590657764329,3.0015581873541257,3.04088236425829,2.667907400932429,3.396220034705599,6.202566939471301,2.9823399859403503,1.4970444018719982,PE
2.098345377282802,1.8965187914974353,1.9719119076562965,1.9355024181316096,2.0547095415961887,1.9256368881279053,1.9830372156768206,1.918741027980535,2.026716749400511,1.7119415903471156,2.5382097129336816,1.6668914607390855,1.6028414694694455,1.4970024137825908,1.9031725878301082,2.843923362462943,1.6023092612854335,1.2168994001415714,PE
2.9951225308278184,3.4220271599247996,3.69297379920364,3.8818495581665293,4.380255092812141,4.444260794493792,3.194434988811027,3.031074786915023,3.55722617871668,2.6180580808094756,3.345554305717173,2.5748314519787185,2.6961064315718453,2.3793673010635477,3.170454133649299,4.111047308983875,2.140296302216676,1.4143889040708877,PE
1.9682153928691064,2.317564033416084,2.704390252724221,1.5959283677329401,1.9479046265496924,2.128668253004855,1.303586012544426,1.5254736837000769,1.5985177088441165,1.695487999461809,2.674072522925735,1.6638574858451673,1.8829139950433833,1.6677137925083692,1.5017293210603753,1.8648106247765686,1.7999143084743483,1.3393400762167182,PE
1.7005768505007215,1.5922274126981737,1.578716411019348,1.625946024377048,1.6751457183610101,1.5397186853076783,1.801485958300034,1.6396614598567492,1.6676501409724664,1.520562243044566,1.9963203174400865,1.4642378805894272,1.4482428374325704,1.3341221041015177,1.7012376146007622,1.8868498983399555,1.5725324529129794,1.167742013224615,PE
2.256824026578504,2.5759888390900714,2.349037442418019,2.5603180220292696,2.8165262114034335,2.203117498797954,2.0867491966124327,2.378767757091129,2.36803956530601,2.2234946290430218,1.8218705105452473,1.830590948039218,2.0312960845264394,1.4988008576118157,1.7978353389829023,1.724741538912963,1.998314074489101,1.340504470514356,PE
2.236831339244035,3.004679878294929,2.9613632033984874,2.5805126387344215,3.0499726121347126,2.651741972381316,2.1827679770945623,2.356990646277653,2.7601845554226405,2.1701151370065017,2.7600723317914766,2.003893245694715,2.609568836300361,2.00365906786795,2.120104342841412,2.119625464058111,2.353477645833222,1.415296873864245,PE
2.16638196841399,2.0195693891039674,2.3262079355006398,1.8959126571096074,1.9978750258397322,1.904258127302988,2.016649074372997,1.8859052077846306,1.8076232588241687,1.677751334882711,2.495574847150434,1.6672841958964062,1.606213373521723,1.52698347665635,1.8001100133726105,2.2632607123371877,1.6082259699299988,1.217740047519294,PE
3.6211247511409606,3.1855118508941023,3.8221983442841414,3.3226407592290226,3.507200834239641,3.5039679183002836,3.5739511253626937,3.2406645667638148,3.513205538949764,3.0339710111610874,6.153195588946571,2.996892336240615,3.0468940293404683,2.669236579798546,3.396803538321908,6.197679252657761,2.9825978957351578,1.4980713566068589,PE
2.1016918066976285,1.8917844376141897,1.9725292354749089,1.9347232307011892,2.056112147939175,1.9259318802838274,1.9843470454779057,1.9153768364963728,2.023018005993847,1.707366065938926,2.540740786596938,1.6666485140008342,1.5997276599685042,1.4980097689415413,1.9006303892204888,2.842918030155711,1.5993151143899655,1.2225461061619205,PE
2.9918000953726414,3.4214095002726945,3.6924697383051117,3.8795975454063556,4.381914758804295,4.442781917715035,3.1940046643740083,3.036695684808447,3.554816818093971,2.622582690468209,3.343106444347467,2.574257587961584,2.6949472357404183,2.3868186342131734,3.1694443109211523,4.110006435944307,2.1479196055261864,1.416131317299768,PE
1.9668151435786996,2.315422855366111,2.70656170211782,1.5921446706898497,1.9481174527312581,2.132623939351021,1.3074469644116427,1.5268993418894816,1.6053277084367896,1.7020810088679725,2.6777498891194433,1.661118990397684,1.8809179778657568,1.6660224522465688,1.4981812200356988,1.8683414905188016,1.7971874161257306,1.341528022961666,PE
1.6949716338050003,1.59165058639803,1.5806868885159664,1.62826112130586,1.6781385258258805,1.534712514109361,1.8007995193322244,1.633723388266611,1.6754586503469355,1.5152985276958923,2.0011750628914178,1.4651104826008103,1.4521274010079026,1.3370694557627436,1.7012963608980973,1.8838392035041986,1.5651419731501384,1.1683469166285383,PE
2.260031284261588,2.5779360271868526,2.3469963912352667,2.5594710979932596,2.8182776433308727,2.2076242021028767,2.0880814618699985,2.375618065628424,2.366644400620824,2.2262604083786033,1.818363572999496,1.832991666106785,2.0272248960824726,1.4994586588069425,1.7974179348087966,1.7306599687623014,2.001301629257953,1.3403067460043963,PE
2.2347128921945147,3.004033736410889,2.9634976802687873,2.5814755877674878,3.0483479747241993,2.6533181410339055,2.1770059489390974,2.3539249474461545,2.763435559704531,2.1744280719306595,2.759761228229884,1.9997854579070922,2.605682797074195,2.000165874942467,2.1253969445103658,2.118446703620627,2.3565614425649466,1.4101856438093385,PE
2.1670466375550297,2.020218540233872,2.324290807925712,1.8949329293295702,2.0017378697022075,1.9013078340292355,2.0165964598936896,1.8808064027828528,1.8041681099172693,1.6738017544433161,2.4976679018869086,1.663745556980462,1.600854531902851,1.5248112420046673,1.8016854425249795,2.2686809141427013,1.613060625649343,1.2166353529223706,PE
1.180402628285065,1.2274459180409596,1.1910202461057222,1.3170474279420683,1.338653144016048,1.2538743924650593,1.1940889442081288,1.2016127522140874,1.2527539227508577,1.2045169161681575,1.3211937682068313,1.1045448919468428,1.1616607362992921,1.1660060428932024,1.1982825204141387,1.1178784266368884,1.1730630609370991,1.058557211888246,PET
1.466652453528516,1.509193360547742,1.534777924735666,1.451583293154255,1.4911488782647135,1.4481644780770624,1.409747889103309,2.021704748841609,1.3795874337557577,1.9360234689059677,1.3049203550585569,1.5652675344867004,1.284078467439833,1.2973039346308926,1.4327047404328717,1.4043513422088265,1.6020186679366828,1.1096045771386585,PET
1.099558661854481,1.157605304182686,1.1974835606473562,1.2206811262608916,1.233171406052384,1.2040046960992494,1.1257804330973185,1.111856336010115,1.0786414384908716,1.1133853141433683,1.0685043808590606,1.0140512980514969,1.002539619771969,0.9990369348696978,1.194807671525745,1.1437230933834637,1.1970830757840243,1.0003220346988013,PET
1.2716303475879445,1.658609613887825,1.5331858105797884,1.9508721646988856,1.955372417323662,1.7413920612327987,1.3458662240517163,1.2916249785222291,1.3086186292954107,1.253276015930605,1.1581166123609328,1.1711553994430544,1.1398347518418914,1.163375083513021,1.5983502240205256,1.7973250550434983,1.3203987119683895,0.9997019674190979,PET
1.6445959965072556,1.5169518222581513,1.401427511792302,1.7530303690681701,1.7226522917467666,1.4148994153509806,2.928058045979779,2.7155235764289807,2.1654175795331567,2.5782951286997613,1.2289922347356537,1.7168447177498505,1.716455592594712,1.4969729885706808,2.1009581098048327,1.7941527030745854,1.601229647254366,1.1098697682575964,PET
1.6252596112624322,1.565589131165989,1.5401706121309475,1.6174625662420141,1.6282994159771729,1.5087601483755004,1.3915137369695025,1.4865336461439094,1.5664628048427398,1.454246500099834,1.3051266432631905,1.2504745250504516,1.2879690564340434,1.3310430798722312,1.4944707131918016,1.209930173361122,1.3970922153420373,0.9971398745402523,PET
1.0583679969823945,1.0622905602632684,1.0034340151182408,1.0166899004374752,0.9844013507720502,0.9573182204601001,0.9847211233048719,0.9962938653604181,0.9908204827280525,1.0122237006792922,1.0411426448298342,1.0034407197465958,1.0150370453924606,0.9994875236239544,1.0013082309870998,0.9954907464771413,1.0456191420739522,1.03111261908014,PET
1.235293481055524,1.3951292335910666,1.304965123184666,1.3199806485695562,1.4179641632841475,1.3509806256773769,1.130378457306707,1.167315575016165,1.1659616092299039,1.1672463745065034,1.0452309369888377,1.0778709317162558,1.157960459366304,1.159521644178861,1.1019654943297903,0.9970862628352775,1.1793065189871155,1.0577667379536524,PET
3.2553002245292535,1.9181707611534058,1.505445217865711,1.1676896487362143,1.4709823767600747,1.488794575585933,1.194129910578422,1.7662297559080955,1.3001054303721307,1.5806570149554713,1.8401459977029981,1.920175528672506,1.3003480568158576,1.334743097843103,1.2015459575956087,1.1191815942577175,1.7640938547335605,1.2915967081353308,PET
2.3474235351842796,2.369873535714254,2.402938098928608,2.307612865533432,2.285690468739154,2.2748840009409768,2.037415067171226,2.1469502657731057,2.2210248585552765,2.016416210818167,2.1798794889135635,1.751739520756765,1.7374478049610742,1.6634362500167141,1.997691653013448,2.042747687342182,1.6036789702931047,1.2192374509791624,PET
1.1789295456365216,1.2693097846966084,1.1877916455825723,1.2338553236521672,1.1896871225133456,1.1357529071199177,1.178038446926046,1.26729370243805,1.3571646979455776,1.2200189133605568,1.6133173528929083,1.1558927827832866,1.216685477680487,1.1638716827688858,1.2992549093761403,1.2323253407622514,1.3645280006903504,1.0600587215844954,PET
1.2236107870459219,2.0759496121072805,2.810199674278656,2.105921778097246,2.2538521336933246,2.4513345580476003,2.967116792704486,1.669695161420536,2.9181850878795217,1.3604932655867226,5.000521970121357,4.4231627540429,3.145579926304228,3.210982789564066,3.2282173760224637,4.8238806780600365,2.3915533167984253,1.1275575356416383,PET
1.2722751073702159,1.3497473525074257,1.3315304791729117,1.4469715025248058,1.5715422126112395,1.493802189677383,1.5120192736051832,1.5832602888458418,1.5376965466173875,1.495394059872384,1.576365503321077,1.246725693184676,1.3122537409004371,1.3322869355944718,1.400379918260403,1.5902822300756532,1.422770606780484,1.041449867792971,PET
1.8504844055391572,1.5797644240889885,1.447731794507618,1.5807241057800332,1.6343624228278597,1.5779763283507664,2.3332135287904197,2.1174488156511657,1.113493668229429,2.0109528377207546,1.137326678654256,1.849027700385731,1.0720503979033038,1.0363386571817597,1.0966614155685133,1.1183596304817043,1.3756828136428059,1.1733035071916795,PET
1.7188154404843998,2.037850249267267,1.9529098561801084,2.1686570755944614,2.048221162284976,1.962831409007843,1.8834351506092581,2.002851588456783,2.374330360890568,1.8631442651449324,2.1853556412550583,1.6906925746898804,1.8809258937868092,1.6721547789649882,1.9600922921397586,1.5269200145823536,1.56992671277397,1.1740000563269266,PET
1.7056203914151693,1.7798953476834956,1.7295562289774118,1.7024438576405876,1.5961497356304326,1.4981291117181466,1.8838629213489295,2.30525989739998,1.4108457709505264,2.1604284685126443,1.175825840004213,1.8529429409940505,1.1683523030186738,1.1672800999440793,1.3019172053038055,1.2966503970935128,2.158462586397154,1.2980960191227577,PET
1.1785395119293256,1.226078262799131,1.1460415714742538,1.1977902221919197,1.1643050377799413,1.0910220496337402,1.2985549500048124,1.3032122428719124,1.1825091350282115,1.2554770848269574,1.2437097647641608,1.1575110408025477,1.1614320018449171,1.0274281488200896,1.181577542533871,1.0561899984792695,1.1742801852290838,1.0618497482288323,PET
1.0882759171326621,1.160403082646678,1.1500175570581317,1.1489656626948643,1.2030979458933477,1.1680455335292683,1.0993000514975635,1.097326573260147,1.3693954918288487,1.0917726995141754,1.3594961183707093,1.0745415019607092,1.304879801742855,1.1661800597498826,1.199519335015074,1.1193793944132155,1.172986134965536,1.0567727951684909,PET
1.2433341106200613,1.453151224042285,1.4064259449622716,1.4473761535381549,1.4096285625877782,1.345007573823422,1.1230891629626152,1.3618220759797162,1.3840229127301704,1.315833335604537,1.3287173095002258,1.1559051736426846,1.2513167778545409,1.167967263162903,1.3034738872877842,1.1191802774520136,1.3761753764623423,1.0559631727945415,PET
1.3054198375408697,1.3152324568426412,1.350842886338998,1.175657958230936,1.2330050726668236,1.2072774440257792,1.06615536415413,1.2038872127910205,1.1861515892516445,1.2559016275735209,1.1595789453197447,1.1336494306332545,1.17337615408716,1.1630412436606128,1.1981492593543732,1.1557606083091023,1.3472383590884178,0.9974401074136158,PET
1.4932857777003596,1.7546500818845205,1.748663476917294,1.7756335902645717,1.8344701470253322,1.7743511878423013,1.6546779177086968,1.6643356960419566,2.013188622149395,1.633827079327384,1.823555285778028,1.4072681094492405,1.7175001545375614,1.5317149049230963,1.6987012264078512,1.3495917197002638,1.4026787034588912,1.112400755058979,PET
1.3140871541157149,1.215775329696249,1.2006621521044973,1.1959956517731711,1.1720018802845613,1.1661848911388633,1.1764927637753033,1.1388688903489783,1.2939319963643519,1.1421532374678827,1.3796129480049373,1.0948584311998832,1.1427041730571685,1.1632700866299435,1.373444132039133,1.5921116423138608,1.199564879460226,1.0005730613150563,PET
0.9128934430609372,1.1093547658050054,1.2272677793728672,1.1269667716712182,1.3550857294488365,1.3537736667661189,1.744257387373215,1.7271770272918836,1.9342275073894533,1.6184851192408705,1.2823274366381026,1.722158582478416,1.4294223455546786,1.3362218081889339,1.488211068108198,1.2087313860085458,1.6797186022636181,1.0980187417508607,PET
2.1473962246393556,2.082850182352547,2.084066238074589,2.0897234411062757,2.3214151914236782,2.199377573834283,1.8668574924669057,1.7868352246147716,1.9707339266281936,1.6714928549237633,1.6813431882513739,1.482985846519126,1.574775298691221,1.5016191926216271,2.096483358550582,2.290002093229269,1.5969767939789927,1.1107481446177883,PET
1.182145775602527,1.225285170700691,1.1920852824306334,1.3206293748951339,1.3353996837113424,1.2481091964447457,1.2006421612051967,1.2036112209287062,1.2531486981062119,1.20120086714221,1.3189138944679846,1.1060077191528919,1.1605958124821891,1.1630257455722104,1.2000746571806726,1.12009101675324,1.1738198787358678,1.0622716098048892,PET
1.4676958023169993,1.5120954410467902,1.5398924584067653,1.4508454175238614,1.4915992352934442,1.4420042881679238,1.4099809587533445,2.020311792789706,1.375796162683184,1.9387578076440892,1.3104304749247468,1.558983409602749,1.2839656368407135,1.2960225368968108,1.430122164250139,1.405811483782402,1.601034647516442,1.1102681642037997,PET
1.0936529757950233,1.1592156538997138,1.190369513884347,1.224169843055781,1.2318296162644824,1.206979515371088,1.1226111517238053,1.1113329027028878,1.0840891639543486,1.1125455859271218,1.062446262400803,1.0160200877884111,0.9962668570858155,0.9989834920454064,1.19433806915947,1.1466389069379943,1.1982347197036824,0.9989234002946943,PET
1.271753283259642,1.6594913152829793,1.5316393979241532,1.9513482195653586,1.9557296217610662,1.744710773391732,1.3476703178787968,1.2873112846205401,1.3141964674096207,1.2511205709447932,1.1587455976335543,1.1711793731421918,1.143654930605116,1.1670446502007583,1.598091036484071,1.8024205794926005,1.3231539320090917,0.9995986594367368,PET
1.6452110575507926,1.5128969077423902,1.401667251992173,1.7556012473122733,1.7259338851699377,1.4192731846878828,2.9289164340944813,2.7188391516883685,2.161414862751702,2.5803177402784074,1.2268037018636095,1.7180133997546325,1.716398527942608,1.4961772833821407,2.099977454235675,1.8001584673391968,1.5991629094623072,1.1073404940910339,PET
1.6254451893290103,1.561557294575905,1.5328671629809407,1.6224490815357837,1.629450885805366,1.5019117037404766,1.3971177737449623,1.4844196430194878,1.5645644847263516,1.4507030617289611,1.3039628862564034,1.2495025702830205,1.28798343645998,1.3330728505097946,1.4963493607751657,1.210755517256952,1.3967266756983396,1.0038308361052115,PET
1.058745275547527,1.0625796490542359,1.000187485732358,1.0134941769383863,0.9798869275730839,0.9516510194269551,0.9848812184901643,1.0007184991790543,0.9934951719887272,1.017826254447641,1.0462187673197585,0.9990224434880466,1.0183484081852265,1.0020741929568846,0.9975048569462973,0.9909743812637,1.042733024043851,1.031239014659274,PET
1.2391964750230828,1.398174368083797,1.3033177884882954,1.315625632712887,1.4167452312066315,1.3462509525231896,1.128033243258674,1.1692812550232727,1.163966377096863,1.1680202512736835,1.0459119370150005,1.078140102149983,1.158366325768381,1.1628573160706588,1.0969153109350986,1.0017020711109343,1.1753149397435403,1.0605008338839716,PET
3.253021083042133,1.9229824715364818,1.5075095959898264,1.162746165529875,1.464216169941299,1.4884280719435052,1.1964475026368129,1.7641977671265134,1.2995840874296791,1.5773314157234812,1.8391327881883601,1.9229682184238572,1.3032541726731253,1.3347694849964837,1.2007131104130304,1.1181756256337168,1.765765977760088,1.29213609071156,PET
2.3448225812794257,2.3702242641968843,2.405932322703672,2.304559521672815,2.2851640364336414,2.2699158889854116,2.0322959080300893,2.145951085580861,2.220436003604294,2.0165423389093773,2.1724023104227155,1.752516164870047,1.7389094038602118,1.6637933123376623,2.001131736757168,2.045238370153067,1.5974343438466398,1.2258614898513973,PET
1.1813913471940705,1.2714266929720963,1.1856768547237508,1.2324304936858306,1.1911400276994626,1.1351167160353826,1.1821103449605057,1.2633133048957892,1.3571669226456924,1.2195038044262194,1.6112896390060119,1.151340467623512,1.219387300672393,1.1671892744015289,1.2994984527688105,1.236096371058875,1.3635344628062305,1.0628048975438855,PET
1.2196156917301242,2.0785706843810665,2.8087194867350047,2.101247762597948,2.2531259061927487,2.4511299586302377,2.9644209676772504,1.6751962324116207,2.919479801353822,1.3616429351651644,4.998583012088585,4.427272221499598,3.150635843848871,3.2115967451776184,3.226217896596419,4.821842139149497,2.385502232645606,1.1295603443038063,PET
1.2693737375240481,1.3461301792097928,1.3293472246243645,1.4449698222160536,1.5712862481840377,1.4899499938024183,1.5052216826312033,1.5830930749397958,1.539947598412356,1.496415163364691,1.577732068716375,1.250438314782217,1.3174879961722124,1.3309600525976986,1.3996598027896405,1.593559014978005,1.423165345736097,1.0339628999010626,PET
1.8477280439559383,1.579683450740979,1.4482831270735457,1.5866055571520676,1.6286646985779063,1.573734856986359,2.326572758048056,2.1229177185639774,1.10598354714152,2.013213708110159,1.1435195443566037,1.8459184222533498,1.068582478777088,1.040550024932857,1.101345252439613,1.1202586206581013,1.3698943467735667,1.1743152830809436,PET
1.717348688227721,2.0345290520685997,1.9530365577117832,2.172411635416488,2.050770793805259,1.9568798972701105,1.884159041004291,1.9998267771070213,2.367786257767339,1.8634169723891585,2.1864187519641716,1.6890031647817154,1.8848251764776338,1.6667220418764948,1.9615682344596126,1.5306463476231618,1.5704300956446002,1.1776791582746626,PET
1.7062728562961937,1.7763422718273667,1.7247064147143791,1.7036916029395153,1.598811692857184,1.4984573482246255,1.8870890391972464,2.30504526195462,1.409139896371477,2.1629901716507454,1.1747353738074071,1.847770870577273,1.1637901747096957,1.1657978536595255,1.296935674910394,1.2931447721011333,2.156281206958751,1.292854723159678,PET
1.1839565916681059,1.2328431592555302,1.148458668146034,1.2012868801134051,1.1584038270277721,1.094326607588375,1.2928751832066518,1.3055470732432344,1.179119418028075,1.2591492738244878,1.244541244543459,1.1517622877458347,1.1585501043596294,1.0334222516092155,1.1786443731545213,1.0573797881562104,1.1770504977405818,1.0608412555994,PET
1.0890874542551325,1.1605944564856885,1.148443740891772,1.1512449685418025,1.2048076512095698,1.1656072408604594,1.101798823118518,1.094896055409409,1.3710971995857935,1.088678872993134,1.3541569033351633,1.074138162686032,1.3019996717990237,1.1654807604049178,1.1964929539929394,1.1149282480179967,1.1764275735986116,1.0556587533983235,PET
1.2407756990627214,1.4548603515925034,1.4022528270831496,1.448233427095424,1.4157656889259123,1.3464409452643402,1.1243482821381356,1.3595656916785261,1.3865825114253336,1.3184010463648301,1.3295372747165644,1.1556480423566464,1.2563592202778646,1.1700005607451127,1.296634988953907,1.1237554781755534,1.3764753332434307,1.0580277904914301,PET
1.3070344153132822,1.3150665714887064,1.3531054763873684,1.1776919362030975,1.2285026569760698,1.2053549077253998,1.0628779648299416,1.2075604092509913,1.1865874165035488,1.2523874651973472,1.1661260904774475,1.1403215715388058,1.1721153834572466,1.1678612162909212,1.1984211742143405,1.1575110529414512,1.3479830581305847,1.001138846061688,PET
1.4989120559813836,1.757685886674135,1.753108920469755,1.7761870236379698,1.8281057166642845,1.776714263781915,1.6478066112784766,1.6680373214525166,2.013093520315694,1.6362366177052916,1.8256512817859092,1.4070459189942393,1.7112280930831818,1.5303468680603547,1.696311712805564,1.3475585408236888,1.3971656135347976,1.1086540973497678,PET
1.3137426045339626,1.213802844952501,1.2043856760511202,1.1981661608333458,1.1678461388719308,1.161241030749346,1.1780137400376027,1.136796583852606,1.2987200099716958,1.1461443782657608,1.384020027576898,1.0920821201126691,1.1440086186557576,1.166177482552779,1.3767859859790474,1.5920695655156105,1.199580985003749,0.9971518741926042,PET
0.9073056339130664,1.1050026585523678,1.232228325294202,1.1231681471418222,1.352784811130411,1.356208504939536,1.7442026039722462,1.7227720684174213,1.9359804848836881,1.6164502078359084,1.283969505118209,1.7165884291148756,1.4265094824859146,1.333433887276368,1.4884925821093986,1.21097057771578,1.6758784509397848,1.0963785348041724,PET
2.14375543628111,2.078121791275219,2.0783936030046815,2.0930994654484847,2.327486902771704,2.202111188400808,1.8694618725843624,1.7836069602541709,1.9719430671083351,1.669720706121477,1.6834359362326008,1.48134188990909,1.5679378545165614,1.5013345312486162,2.1034174504607615,2.291458579352916,1.6001021494229999,1.1084718887155194,PET
1.7635176044108887,2.301567733419143,2.7437622154255963,2.2353623309357697,2.7380621439765074,2.7993869572575174,2.6196915547300086,2.2153891257771323,2.4633877412401706,1.7065893345268528,4.215626801102121,2.304442551203332,1.9486901193307935,1.9981879848679729,2.3964637607866277,3.2920718363862047,2.155249881711646,1.2254875161731102,PP
1.2893561654658436,1.253287256680738,1.262230343550465,1.352145554286258,1.6722004707094151,2.05172194642246,2.2236860192794023,2.049978562511565,2.152523046114636,1.8890436691350674,3.1076854918256203,1.829929906795923,1.7412959155571561,1.498668607146286,1.9850946015136108,2.9358367465511925,1.8011941212970588,1.222403932688014,PP
1.2387857384926546,1.2326090711899205,1.307490253718308,1.2093593321705116,1.2440303496065628,1.2463995221834658,1.0460527863239364,1.070958749150504,1.1557790085616033,1.0870017157165526,1.3525714059718,1.0767332076441753,1.1582601002467858,1.1678709624457309,1.101791346666289,0.9965845482285128,1.1770875488766719,1.0619085991965163,PP
1.6923168761709066,1.576684537447735,1.5424288348768498,1.5812869760733022,1.626628739002526,1.637506425496272,1.8186387421076105,1.7707545165865703,1.66554869747774,1.6554707096984187,2.069658434096211,1.617096375158729,1.4457258529884403,1.3371638497233946,1.597881176596042,1.9427966817335465,1.5701720471559677,1.1729218846313891,PP
1.8028971929098225,1.7432445029717696,1.7305069500525536,1.681292994118749,1.7269076152941127,1.6382194671144328,1.7565671288247833,1.7181877212339698,1.7848933147076813,1.6173516497828482,2.1802743900938424,1.534014739771283,1.5945564666410943,1.5017826329063255,1.7015869422271799,1.8804243378369006,1.56712315861542,1.178278311727043,PP
1.917246632326702,2.5353481884609517,2.6098802169208373,2.033800387276801,2.444634908345736,2.2287436517621413,1.7274715602974438,1.9285025397073192,2.101475489348648,1.7904669521347256,2.2070847712195243,1.7539606638311387,2.057854572512675,1.6679645365924565,1.7300633414230635,1.8017177884116828,1.9974389911092485,1.3380637964798172,PP
1.3572273849831404,1.4924122093645174,1.5614421551991595,1.317764311495476,1.4025216896329247,1.3799329931636566,1.0470726207012697,1.1242715191365265,1.3230233833592622,1.1296805669054286,1.421274740056049,1.0745673683488528,1.3023838168343576,1.1681763688772435,1.2003233260963293,1.0608878471080874,1.1748038743665878,1.0606557132342045,PP
1.526000795762196,1.6776477459780132,1.750472375141409,1.5519294661115621,1.6254307315514056,1.5924005167927477,1.2055812284542367,1.3822630438733892,1.5447663117160446,1.3738713581418915,1.617779343560274,1.2291437455052898,1.439566932243126,1.3308995965153798,1.3979241280912444,1.1733914196926736,1.3705505139069258,1.058421439925932,PP
2.0286667143261545,2.224537067741503,2.703152460807279,2.3659113435651267,2.3583599185493456,2.345083338886731,2.557572389849767,2.261996529696708,2.3378330440986916,2.0934293038087883,3.803819441789156,2.0833232649105335,2.027963663162869,1.8329172210525082,2.1995228212289257,3.334034962534572,2.0028137162530215,1.3384212185614073,PP
2.8737579632599966,3.076640268891634,3.812915487503489,3.304368019259193,3.3573468243590434,3.358928119119485,3.5418372215203275,3.0962927580176265,3.202823285430862,2.8517164032143256,5.58454917792952,2.826925422592528,2.6229776771735835,2.3326855870945016,2.9035951101990958,4.803941878010112,2.598326921258667,1.4614389973648834,PP
1.2994224789410416,1.4260349624602824,1.3251333590985197,1.5327951943566984,1.563840912526835,1.468326713486205,1.7902482021660349,1.5641173768239263,1.6605068327267192,1.4269893213110854,1.2764446830440943,1.3838155425087,1.3063371779541857,1.330624574602285,1.5499972137175613,1.4674963762164945,1.3689506625849104,1.056323312957601,PP
1.5870337014446232,1.807361373124507,1.749652226017046,2.102293365846333,2.207055080575322,1.9274984411677976,1.8191582572212304,1.8226800968196835,1.8898205045187455,1.744453164099663,1.7841239142185803,1.4604460347709702,1.5932909211910893,1.4966698442233222,1.6990597379039099,1.633260406098902,1.5704474483874333,1.1731912858505174,PP
1.7645707087892322,2.3000363262787675,2.7511256211408734,2.2352383169860914,2.7408947854663466,2.7999346741162467,2.625946060964649,2.2137672077143806,2.4663730917391384,1.7079060078139205,4.212595013875038,2.3106288843564493,1.9476482189035174,1.9962048439441902,2.4029036571299147,3.2952690015002086,2.15362292366907,1.2269959517304188,PP
1.289964463356953,1.2527723865541445,1.2589263639094572,1.3543241730897422,1.6695862792804539,2.050270903896246,2.21776040402407,2.051804091556714,2.1517883466877796,1.8868110163101282,3.110042215387145,1.8349809584651224,1.7362476226603503,1.4992143531862767,1.9822024436382588,2.9348162402792313,1.803393570119349,1.2224079086933708,PP
1.2380126070181836,1.2316474907060484,1.302432285404709,1.206650730589145,1.2457201129941367,1.2471525739594902,1.0528993193257667,1.0723174702773046,1.152273484410729,1.0887338500850643,1.352473953243525,1.075014433673008,1.162633674634062,1.163908518365018,1.099652499261568,0.9966092551474858,1.1726196882505013,1.0624227142901048,PP
1.6907472637047265,1.579207828465515,1.546291452462809,1.5833867725708424,1.6251553217834387,1.6349061766491138,1.8215680213905494,1.7720419095376791,1.6652670050084875,1.6534226367813982,2.0685461146115665,1.6190866619384696,1.4518414980897252,1.3341865433698477,1.5966533284182804,1.9411584989209743,1.5686890594016385,1.1744137639325951,PP
1.7965240030024994,1.7458751923949891,1.729099316810471,1.6864007575610955,1.7240129990841249,1.6402835706097914,1.7564152902659809,1.7218438568417005,1.7864952489918278,1.61424870251366,2.1778815362673067,1.5274738818994313,1.5942623546674457,1.5021156748236673,1.702362282940251,1.8817256041283115,1.5714461478044444,1.1737201860889839,PP
1.913939866158291,2.536523618141187,2.608384315306673,2.033457932045276,2.442985323254951,2.226698430703575,1.7278829190038822,1.9290913799457448,2.1032916547740297,1.7896080983095446,2.2087090378364405,1.7464419420433017,2.0577460203332087,1.666332450720159,1.7286459248842492,1.8031127303316719,2.0017486753587312,1.3452393519989523,PP
1.3577270253684584,1.4917872258960823,1.5679019220476909,1.313156027107533,1.402070912811908,1.3797819922886096,1.0489966790853609,1.122383074834204,1.3291047488547556,1.1249771846859429,1.422865289178144,1.0755903637299635,1.3014560990768858,1.1702887784109892,1.2039287081893477,1.0617716149153145,1.1736305521960955,1.0615239512403354,PP
1.5263681618109586,1.6754141294294744,1.746290510416117,1.5489355300076306,1.6272263938987348,1.5942292394591175,1.2007196231822679,1.3853696477418198,1.54543542847128,1.3711132016117091,1.6151621428919642,1.2346691421565772,1.4430846364182308,1.3313322870114928,1.3971355117204476,1.1787365089703694,1.3701012731333462,1.0616026170428456,PP
2.0235728769571053,2.221135573625139,2.7043531576260698,2.3673733989489816,2.3600999589658036,2.341908447393254,2.56323912935507,2.259361428150887,2.3429173950426683,2.0920888792360333,3.805644474720322,2.086601920650019,2.030114519768119,1.8318969111143533,2.201338564965202,3.3316927749323098,2.0024772398401525,1.3435037615035745,PP
2.871539803205797,3.0789503771834714,3.8060763635679713,3.304349649059197,3.361994084991678,3.3544219423756525,3.5402830330207795,3.1011278741355204,3.2000476283133947,2.8494084250428835,5.584865841810711,2.8293382501813262,2.6202640405485647,2.336392908491795,2.902015966088099,4.800811904860295,2.5982327565954186,1.4610947546857145,PP
1.294678023642696,1.4295978604968729,1.328199959428557,1.5334855920695885,1.5618341691799908,1.4660315217895303,1.7862258133212943,1.5656584661194382,1.6597195462245726,1.4318881319037229,1.2784076351442755,1.388258823677306,1.3029240557690016,1.3372799542412208,1.5487891326898646,1.4721141436932852,1.3717894453921786,1.0553848221078654,PP
1.5871844165436615,1.812226207942316,1.742763529320405,2.1001494000242134,2.213194970607934,1.9260104875314632,1.8163075593322726,1.8187734644768379,1.8837192559659395,1.7476697116077053,1.7840142517229531,1.4583365967228004,1.5980788205436274,1.5039388928562112,1.7021014307461229,1.6319688950075086,1.5662015697929454,1.1790969676234777,PP
1.7618235856972058,2.3019568643086976,2.7488044453929446,2.2398173698899577,2.740802381496166,2.8058529625608672,2.619186978478351,2.2203324432461584,2.461693125308281,1.7116148728761773,4.218618159245407,2.3107225116934185,1.9430095518736328,2.003987975951197,2.396249593404209,3.295566845770869,2.1555454316672673,1.2321018419181797,PP
1.291030341016704,1.2497075821166135,1.25876955206327,1.3587992399889182,1.6716560683383113,2.0464580181839196,2.21982925622886,2.048941069436032,2.1561324708889402,1.8860376230684968,3.110653385323233,1.8329817258939334,1.736054871894713,1.4976150156721686,1.9817308369560291,2.9358597215677924,1.8023678807681167,1.2175822754267995,PP
1.237525520669636,1.2268218021034454,1.307815091493619,1.2046003696882077,1.2399266697832931,1.2468978924970975,1.0498371108637579,1.0690916154842205,1.15189095237699,1.0911130281403356,1.3541520821507942,1.0732428724194414,1.1563078801741584,1.1664898987926307,1.103778438749276,0.9980830812168506,1.1766069054398782,1.0572817574187838,PP
1.6964624938841695,1.5767674439364203,1.5449234529512954,1.5872127044148132,1.628258565332318,1.6329045831978288,1.8184611772774104,1.7672581305939827,1.6619040328546562,1.6567691581792203,2.0697604400077925,1.6167623256107435,1.4454795384914458,1.336082748915218,1.5964946537396105,1.940514976044596,1.5655450841765552,1.1751108436704727,PP
1.7972853749371287,1.7465969307591815,1.7320696314236628,1.6848991383694447,1.728029962830269,1.6374202454082352,1.7514389656942726,1.7190595979620698,1.7906251143056984,1.6152542668316046,2.176711648991375,1.5317212207393398,1.5920382507262563,1.5010515283889871,1.7005969474571723,1.884811420941455,1.566618820364632,1.1793728199973632,PP
1.9187408190990962,2.5371363529853848,2.6059772049057583,2.0362073639099068,2.447473503596388,2.227544453105473,1.7318346680598042,1.9262770418761022,2.10251639926547,1.7955104185352684,2.2121596943467323,1.7484459649068917,2.0624001203029407,1.6658829554153909,1.7283253344610243,1.8026960422934992,2.000681861103562,1.3404873834318796,PP
1.3581562192759358,1.498252974920096,1.5683706297905815,1.314964955327866,1.4039551984896042,1.3789151065055516,1.0488547077178239,1.1199376780079036,1.328159210410815,1.1246326809150204,1.4216261940384556,1.0790971786747727,1.3070726409117663,1.1641572017020363,1.2021131935672413,1.0622591701743356,1.1796203767929825,1.0622681779126828,PP
1.5266476726001383,1.6768316460226562,1.7441290330067265,1.5462424838092097,1.6320340139887433,1.589801343148266,1.2047511464956357,1.384002811577941,1.5401128405594997,1.3701277567055317,1.619632941391099,1.2330687417976531,1.4460834931394346,1.331317788059203,1.396922125542666,1.179181740159039,1.3725439784473539,1.05547632755802,PP
2.030254812384294,2.223916874345438,2.6993216720741002,2.3688076939853784,2.3606908244279006,2.3494421577457136,2.5586127411291315,2.262624341440423,2.3389823964794645,2.0932319074952335,3.8064301151054627,2.0799221472718843,2.031849116685533,1.835779081851173,2.1983719261701262,3.3317813906395806,2.0007496478652445,1.3441769389817237,PP
2.8771303043115593,3.081764812229148,3.8099312011537227,3.30039391901546,3.363535197905878,3.35211226082593,3.538468281502582,3.1010453326297593,3.206428155286433,2.84544537262968,5.5841154763079475,2.8311868688928485,2.6233158619719736,2.335617909638121,2.8979674293850533,4.797372854950467,2.6013428423698244,1.4658225845462318,PP
1.2994972857533102,1.4248946761441288,1.3254630064314346,1.534623996523503,1.5654377360692249,1.4699020816179484,1.784207445351485,1.5677917538453774,1.6541044896691075,1.4253774518125852,1.281818264873279,1.3833761995792384,1.3026935464427634,1.3338876499568673,1.5420223190109108,1.4692951342913212,1.37298258322803,1.0621165463181519,PP
1.5867180050741103,1.8116927588838823,1.746289644165009,2.097428541170169,2.206805014832084,1.9235188356482182,1.8202058225370572,1.8216210433765498,1.8901484847085053,1.75179550184118,1.7843931182625203,1.459303029190144,1.5921030897472168,1.5021399460855513,1.6986965068124809,1.6283012175927334,1.5684441969278817,1.1737321775645988,PP
1.7649689275993121,2.3002074808034814,2.7480029716848358,2.232814930210394,2.744857633856098,2.805099449308092,2.6198537657510155,2.221197272366936,2.46232985252152,1.7120318743636507,4.214399045583283,2.3061635210447426,1.9463443400209666,2.000289392897329,2.400288699356495,3.29772831612428,2.15784250148695,1.2282565313049787,PP
1.2942374034461128,1.2519389770576057,1.263705771883219,1.3520397554523822,1.671523894189078,2.0509479326008746,2.2238502456197344,2.051150725005819,2.151320143031418,1.888644080185884,3.1144023785900794,1.8301387867423293,1.7390838847953929,1.5010123595264466,1.9828174793746007,2.931274693298495,1.8003692780472162,1.2234100046904834,PP
1.239548090221544,1.2282493871537115,1.3064377276934278,1.2079088258244495,1.2471000548049143,1.2468560265053157,1.05314941735231,1.0763434507621865,1.1519792637690864,1.090505001010171,1.3526621827168315,1.0751058945159941,1.1592409580492555,1.167666903896289,1.1003470521036933,0.9997584555092593,1.1741224359730316,1.0609802992544424,PP
1.6911464777701046,1.5778648797716561,1.5452484014718395,1.586960062091999,1.6256636891986926,1.6382670620675346,1.8169940331089574,1.7720855043605728,1.6609827383724594,1.653405350314027,2.07059601091882,1.6184313578715581,1.4484743755663252,1.3366810892363463,1.5980508623574077,1.943063206838987,1.5716021579833412,1.176340222240041,PP
1.7963686450660001,1.7429179994696054,1.7284333519676915,1.6857934310899516,1.7220888748775771,1.6385061471074607,1.7509886675597153,1.7235599606270113,1.7885369623370442,1.6175868212984232,2.179792837445358,1.5335388399683216,1.5972704178762684,1.5029336105666626,1.7025121925179336,1.884721913087684,1.5666678161244674,1.1756518784588008,PP
1.9190834067469282,2.535202123586855,2.610826268776863,2.0378253446272714,2.4412690519268487,2.2291619005643972,1.7304145876128403,1.9234882038741117,2.104239091357132,1.7958534423748487,2.209505010723969,1.75026733379511,2.058563785456854,1.6677519681417985,1.7274127142982847,1.7994853560955748,2.0013231757275136,1.3391860283134807,PP
1.3635196087229988,1.491583179424981,1.5666331247883194,1.3162534218630122,1.3994554091409672,1.3814469480402782,1.0509932102624036,1.121600598922878,1.32808127449571,1.1299013795010857,1.4210198292582386,1.0737112364074,1.30640359482713,1.1685948508807786,1.199668005253807,1.0602319386126027,1.179244536871234,1.058881815739579,PP
1.5226567947666212,1.6783802638558845,1.7505708661313983,1.550359113601352,1.6244116879892128,1.58845528356107,1.2019763572984934,1.3834308674473648,1.5432084497207128,1.3731020763247943,1.614895028776217,1.2329708811848408,1.446253102678421,1.330741927120367,1.3970115698707786,1.1763116844520718,1.3702223730382128,1.0566239799883832,PP
2.028497596017621,2.224768648062715,2.7029623980421333,2.367575174673499,2.362638740727499,2.345840487889966,2.562991598125045,2.259587553519108,2.33888231826256,2.0939922063089735,3.8029752254675064,2.0834438130236967,2.027367657563333,1.83505247745339,2.199341566963757,3.3367579522762325,2.002809666946352,1.3421442864059587,PP
2.875472242726488,3.078762590907018,3.8087274252859435,3.300201610569098,3.358895528893795,3.3568732346630323,3.539956269343246,3.0998186499750595,3.205487349214194,2.8456179271231243,5.587373423068963,2.832794160077678,2.622254486654403,2.335857333423512,2.89796066495695,4.79824672244179,2.602374054286591,1.4635070009646856,PP
1.2951441542208595,1.4265184172997545,1.3261347400418442,1.5358920748873073,1.5629275009561556,1.4693926203960963,1.7857399151012525,1.5676491800266332,1.6539018556789364,1.4321448601251867,1.2829414823864536,1.382024727136989,1.3056225503450118,1.330708174420148,1.5480808176784162,1.4728685758817537,1.3709407332704857,1.059730026446686,PP
1.587844729296798,1.811432792408931,1.741900932394078,2.0971765294474554,2.2135465720448297,1.9243722131214698,1.8221109924941385,1.8195863431728856,1.8869553812860134,1.7482222123368736,1.7845304982930499,1.4636060112663511,1.5953182571507865,1.502745891205528,1.698656616069424,1.626258332118667,1.5702348016510288,1.1792589751094489,PP
2.2433524806271548,1.7827662527344457,1.850304893144158,1.744316789102811,1.8338115096629328,1.8124707737270904,1.4264235367156646,1.6827659351687585,2.0056835021624884,1.564497744106273,2.0686180863128594,1.4149101193762597,1.5936583277513794,1.498754922161002,1.5035179072732756,1.1361194294598922,1.2017926952357387,1.0970690957888372,PS
2.1088469959353,2.2971464529807006,2.8563820958959147,2.3197119153693375,2.3465889600844068,2.351912770661104,2.4929424774604567,2.195828697172575,2.2152328542555217,1.9628034676911497,3.6693498283113515,1.997584620632163,1.8856645198815984,1.8097068808383763,2.103797396161007,3.133927637887262,1.876055711542141,1.341916469948516,PS
1.9949217948119145,2.135096415299065,2.5994130477846396,2.3372990627488774,2.4406793667872537,2.42755966317585,2.4938921766656112,2.2200339916621794,2.3415414510032844,1.9063763287438196,3.3990660537116453,2.0807155800016486,1.8846272144678002,1.7579020253953082,2.203799501927305,3.00992763612322,2.0010623852335767,1.2177211575772522,PS
1.8059576975013498,2.471680117842462,3.0661516850168464,1.8165754116698913,2.3716661407826907,2.6375232683536662,1.8469805756910345,1.7558000256295716,1.931982109984922,1.5451508656324042,3.8562613296780675,1.9096582466428038,1.8844793709129968,1.8331533386778052,1.9038329907341394,2.418882297700838,1.9616169073493575,1.2649293060268365,PS
1.3645206894070039,1.5098793658441487,1.6292161604900919,1.297502827940032,1.5291450865805127,1.5436099039359554,1.3135863557080047,1.276978870269265,1.3082280281067828,1.16673039570758,1.6363387742467825,1.305509120396649,1.159692633597759,1.223779406895122,1.2985981163694544,1.2962150035041184,1.3729735704490977,1.057974831901397,PS
1.650157762563872,2.0079068089167436,2.3355326616946472,1.5854841816755054,1.9054434227256447,1.9670105671517142,1.49901669238952,1.5484530960147225,1.7084079805295977,1.411476659736661,2.3953987324166817,1.5321244870340984,1.5932238280299695,1.5396693542277633,1.5986992096350823,1.648868437972942,1.652482570324701,1.1778535039464062,PS
2.241544963396909,1.7827962409638507,1.8499196120895307,1.7425106696650488,1.8368733995240276,1.8180901320164824,1.4249504516734608,1.683652132458951,2.001865291700581,1.5641461144473425,2.0746447636689394,1.4169145654256996,1.595250970149189,1.4996511746692145,1.5068557386530155,1.1338430366049317,1.1984338765316631,1.0954694693889966,PS
2.1083185787331713,2.303726216288929,2.855619859799097,2.3213406621568833,2.3412282788146217,2.3509018336472542,2.491078094665531,2.1954652450455563,2.2176064835659592,1.9606364888095291,3.6651213953158877,2.0016653405428193,1.8852154073861387,1.8170595620873926,2.098595791571739,3.1315547012222784,1.8795323154000285,1.3410194505142738,PS
1.99159036704726,2.1383250042924193,2.599401004969493,2.335739064980327,2.4438461806782366,2.4320380139079636,2.489467846823263,2.214850245731067,2.33996023827748,1.906116884831279,3.405337935544116,2.0797884548740355,1.8858365995129944,1.753592638535418,2.197097934757734,3.01053963157079,2.0039931428192497,1.2166783495905913,PS
1.8016265918455876,2.476885881755949,3.070814343929707,1.818808532328672,2.3715184314065634,2.633855549613903,1.8489256268006182,1.7579745125590827,1.9278795664637025,1.5383204485248188,3.857667475255606,1.9070328595892012,1.8837888651107613,1.8371400898210914,1.9023914539364848,2.417638672403285,1.9632103861118064,1.257877254210425,PS
1.3684373067771018,1.5137189594321154,1.6262581658891904,1.302184477920456,1.5310554019500708,1.5457327651979311,1.311048649773404,1.2748469521215735,1.3071588667883813,1.161907256926,1.6397163712925589,1.3081536002281657,1.1627549862912925,1.2227238000393796,1.300792991654282,1.2930838740693933,1.373066506451868,1.058008720422692,PS
1.6524478777176348,2.0136567467298248,2.3332576721730343,1.5872037454235082,1.9060747098762407,1.965703921840549,1.4971824097296271,1.5508215987250178,1.7061120531130585,1.408704796512956,2.3940858468765858,1.5324581591431345,1.5949374610552418,1.5424716638685565,1.5963474597029812,1.6456205190347102,1.654520660838775,1.1751558168656637,PS
2.243685151211527,1.7798248407421977,1.847172550421618,1.7467471056632056,1.8355242077854472,1.815391179604937,1.428136922466872,1.6822719088230544,2.0082555803191067,1.5609902713367259,2.071597442822268,1.4151675846558291,1.5952282240463878,1.503463286738435,1.5068841937904578,1.1295589468107825,1.2032412615109254,1.098225924366249,PS
2.1093412796038975,2.3019901688835787,2.8621300053309344,2.321568241457908,2.3446826168333517,2.351043624999512,2.4906278528095265,2.1949643314114073,2.220621501787149,1.9658505348906812,3.664514544422527,2.0036912258881685,1.885762747039664,1.8107910612716163,2.1001145520282103,3.1344502058355044,1.8765732369384573,1.3427356831646131,PS
1.9917138923111022,2.134892040537666,2.603433245166945,2.3411491551236896,2.4449742146442235,2.431743754271888,2.488000158892713,2.219501917877654,2.337387354449205,1.9042006104061933,3.403161780574685,2.0819640610823598,1.884965058093247,1.760421238354834,2.2035596507929043,3.0082760530615635,2.00281923984757,1.2222908614069221,PS
1.8026043742967117,2.4745333312701767,3.0725606604411464,1.8156051033208098,2.370543619366273,2.6357541244537974,1.8506359128426797,1.7550732695442395,1.928191051151609,1.540096696779745,3.854741799667866,1.9049171695557126,1.8869521419912814,1.83000493423764,1.9020275216776994,2.420785702262932,1.9611585743718067,1.2635911504901574,PS
1.3646385545591828,1.512143570008107,1.6294010735118625,1.2988657735945903,1.529459674927691,1.5479276477512587,1.3101144581204172,1.2749601682345757,1.3037023859606383,1.1675539714165288,1.635984412528741,1.3076540035415156,1.1574637863121624,1.2249120436582301,1.2969066077251532,1.2953672206255145,1.36956489231929,1.0616334774562501,PS
1.6531293471228126,2.0088232000132287,2.340284338689927,1.580684108821374,1.906377691479679,1.9693266094263169,1.4979672726064326,1.5538118576108833,1.708898555576089,1.4131273753680682,2.3904024207243384,1.5351402555331994,1.5906733901918935,1.542527151565483,1.5968596210890675,1.649910447788259,1.6580967053931133,1.1768237039273688,PS
2.242902142522927,1.7823301361781896,1.8460551137923513,1.7422898281318369,1.8378368741879125,1.81307891669564,1.4219513324337194,1.681531648837017,2.004029878461793,1.5628319302151688,2.068471648184737,1.413298454834685,1.5933577889889337,1.4983005933554137,1.5041393301014077,1.135175295563192,1.2000530934560167,1.0976491175824026,PS
2.1123734593212156,2.303648987515415,2.862649293488643,2.3201105299722204,2.3409320958236695,2.3507377170155386,2.4879178847740366,2.192400719160726,2.2160826409026395,1.9596978793575193,3.664340477326912,2.0034388642240906,1.8856854320382883,1.8164792742367,2.1024964567097553,3.1297320412925855,1.8816588223237989,1.3434342378218562,PS
1.9957534217376605,2.1350588779574347,2.6048761187141216,2.3397718745701925,2.442716711277809,2.4271327659193256,2.490408577787039,2.218544887708514,2.3377936562532815,1.9068500601870773,3.404355976446526,2.08455123534457,1.8836142237052553,1.759896427558217,2.2011929218702657,3.005618474203741,2.001684377669869,1.2185871599822748,PS
1.8032763020560905,2.4761346338286705,3.0692124835889407,1.8140507790716216,2.373142837028385,2.633732621873288,1.8509668319116939,1.7611973672334493,1.9299150552516335,1.5413557421144446,3.8550008584463376,1.9104268784466818,1.881093103137765,1.8345852683713224,1.8965059398051376,2.4198781224138686,1.959641119540387,1.257435399116139,PS
1.366008521552272,1.5134861743683772,1.624946719197875,1.3009419912330167,1.5346473233726963,1.5457556887074484,1.3134041054613574,1.277980643753375,1.3067012997930258,1.1635241182665237,1.6367089040713492,1.3085384098157788,1.157757574438606,1.2262458335864868,1.2961758625644086,1.2978397506779102,1.3758204159290788,1.0621687736453607,PS
1.6557130573359393,2.0080549196278183,2.3367787417858947,1.587325409203564,1.9013880367613407,1.9709484194844027,1.4925123478772693,1.5544656453070118,1.7080782076220713,1.406687364954917,2.3915108207226194,1.5338495448366014,1.5967544949832517,1.5409690776310654,1.5967888188629862,1.6486108730058917,1.656600171100837,1.1744544517105309,PS
2.241483141933211,1.7868019260341927,1.8472169620317822,1.7452280771743764,1.8339066005388835,1.8185686642655325,1.4241264869461763,1.6863315373395376,2.0038180288114154,1.5595951378367952,2.0720210936396395,1.4129376008864505,1.5965870293993003,1.4979381879549747,1.503357366635579,1.1305657001885967,1.1974010662633623,1.099371391884651,PS
2.1119762946589216,2.3025288861993554,2.8585920233613353,2.318828831161669,2.3459424120254257,2.3568137587575224,2.4954161175520304,2.1912931652842724,2.2134299002440043,1.9639913376538958,3.6685720335024206,2.000551432077683,1.8856584978073132,1.812865259108885,2.0994047464364165,3.130117577408277,1.877642885982358,1.3446908453149533,PS
1.9881911415244058,2.1332117256483456,2.59996249643656,2.3378330138535404,2.4405004998752284,2.4329206911441013,2.490946190473513,2.2157212576793226,2.3407934212382524,1.9028425395480377,3.3991784488846974,2.084568233627296,1.8831516400295243,1.7583132945710114,2.199262108637973,3.010501893658865,2.003436547596131,1.2231346520126969,PS
1.8029297870552745,2.4787902635977566,3.070225914009677,1.817105320297557,2.373046835445773,2.633148752193751,1.8444387362679395,1.7615159743951367,1.9338119633108408,1.541976195974595,3.856790617736097,1.9073553709898459,1.8873567600336538,1.836814294796507,1.900524460999306,2.4162764664605705,1.9572070711480194,1.262371859674849,PS
1.365946851011797,1.51330750058539,1.6252799230781234,1.302462395179623,1.5323812152912102,1.5478144204068338,1.3101130002622807,1.2783500452953689,1.3097343168165112,1.1688629426233381,1.6384309721315164,1.3090339264935842,1.1633784678233772,1.2256366877191507,1.3008758845570338,1.2954153695485406,1.3743381275646132,1.0597489158819529,PS
1.6544390884430984,2.009510901304544,2.3392582935266706,1.5833033770983371,1.906228277295075,1.9665797303235766,1.4967318081816459,1.550815823289473,1.706413526016931,1.408908943903599,2.393285535308829,1.5330660044273352,1.5935980197323847,1.543181842297272,1.602300259658705,1.6447255830352834,1.654037238431052,1.1796986056623016,PS
2.2441015758701535,1.7797512293836883,1.8469412163882346,1.7462858563836072,1.8391866547006135,1.816991026784764,1.4253132565586442,1.6843506812992652,2.005879856405874,1.557297425015193,2.0705582011276538,1.4166185542162635,1.5963342470148787,1.49842106908017,1.5042866294097597,1.1360415988207258,1.2003740184483243,1.098622511461372,PS
2.1128044859490243,2.300630498061421,2.8623316845236833,2.3196715467432893,2.3425044919424445,2.3536849733756164,2.4884556925168297,2.1975859712128196,2.2182937328517913,1.9649776985592238,3.6652914621903596,2.0037734370335674,1.8814095969972393,1.8131507449311206,2.1005042280711033,3.133700185242982,1.8805497164655276,1.3444159990228495,PS
1.9889742384859443,2.133761558088889,2.59997706533669,2.3410320461334906,2.438676408091896,2.4317670812454946,2.488277417285402,2.2165532870916245,2.3436181541272827,1.9026527561413993,3.4036151968813164,2.0861048504620054,1.8804786549924069,1.7558815486336494,2.196897207175295,3.004885270045085,1.996982922647713,1.2176746384179802,PS
1.8048494921140554,2.474689606517153,3.0709648766036777,1.8194449635281629,2.3724130671613786,2.6391505661619887,1.8511611568598016,1.75670994672145,1.9347858133005102,1.5392587403478022,3.85560304965672,1.9091336674722303,1.886365517711406,1.8327903742757994,1.9017832782074104,2.4200486613443415,1.9568856360947378,1.257187851416461,PS
1.3696658053242536,1.5082679429762114,1.6261467620971246,1.3034118111292217,1.5342447778619444,1.5487835890832848,1.314103045254671,1.2772083506237857,1.3058715784317014,1.161493465376686,1.636513499554398,1.3047528469089094,1.1589615250668361,1.2271015441604143,1.2977327551565354,1.293201741054579,1.3726578173570239,1.0565830173035375,PS
1.6535569471358156,2.0066096241807783,2.334264468817005,1.5847165349084216,1.9060262004694664,1.9711443386730976,1.4927851443226725,1.5542452302233234,1.7077850286195906,1.407915975701877,2.390235890873757,1.5283990741612672,1.59365031236945,1.5428471390574767,1.5973795071130705,1.6480019865172262,1.6546352086056997,1.174011321680896,PS
2.2459531458472117,1.7803750877556397,1.847296573645925,1.7461862136794821,1.837136927887263,1.8165190168426202,1.4227052383869472,1.685224471606318,2.0050951608088092,1.5644451876429135,2.069774686272454,1.4194997816185018,1.5945768735115233,1.4998922557328012,1.5057793168795441,1.1295780299282279,1.2022702086067392,1.0971818233034445,PS
2.1101533283619913,2.297806257160106,2.8615118574058087,2.322426127120012,2.343132784720303,2.357726822239304,2.489260939846723,2.1936016013776936,2.217591434477352,1.9629506758582465,3.6622050669362034,2.002060741674097,1.8829670272642953,1.810522182978306,2.101885381041147,3.131184497624801,1.878467432628515,1.3450756867990845,PS
1.9896868665725418,2.1320290621470606,2.599604741276633,2.3409250049930215,2.4434630566495854,2.4292000688140263,2.495314850044035,2.2151248242480537,2.3414980908733334,1.9079860094207655,3.400065809048652,2.084154939617825,1.8876456471987995,1.7574542849835084,2.201736647838208,3.00484683161795,1.99738350717903,1.2204219560888738,PS
1.803713333368868,2.4726603022518705,3.0735612159747494,1.813346150391043,2.3726028582457657,2.635978520246058,1.846558354281467,1.7561404650364123,1.929662612148032,1.5403897644304247,3.854282521200036,1.9054458989309597,1.8859372655692663,1.831567207819591,1.8987751864941422,2.423862288266814,1.9588806155739584,1.2575586360207593,PS
1.3696847637491916,1.5122053887502405,1.628816872215929,1.302851751742841,1.5307827101609452,1.5434893392590565,1.313848220077227,1.2747507081675236,1.3099127377092175,1.1644489743347504,1.6385177256538148,1.3057565692054252,1.1621593020805818,1.2272838234557546,1.3028411285421067,1.2945363241455021,1.3734988364650338,1.0577652020260582,PS
1.6556700941015774,2.0081275780278527,2.33944344089043,1.5815050349658686,1.903322468701623,1.9722794890108666,1.4950184318078958,1.5486117460937519,1.7070870243275196,1.4109763577729533,2.391179613234383,1.5314032640950517,1.5946130823344722,1.541656073763124,1.6016410973130843,1.644725726081761,1.6541238856004339,1.173985363619964,PS
2.2465659327495495,1.786926894146214,1.8497521802359964,1.7485349105870547,1.836769906510691,1.8192412810952592,1.42748672054059,1.6866106684540916,2.0045735277840664,1.5641237740472402,2.072671994163651,1.4150018318703044,1.595583430337591,1.4999523052354446,1.5034037968215666,1.1337392716818038,1.1996529327258756,1.0941029574881154,PS
2.114178758756594,2.301596929957899,2.858948166460401,2.3218338457610996,2.348162879299063,2.3567838087261754,2.495205494883223,2.1950088124875293,2.214472972114913,1.964586126431662,3.668581432905506,2.002870681842896,1.8841893630717987,1.8167133430401345,2.0981212767536395,3.133099264676465,1.8794981494667538,1.3399244792917537,PS
1.9957353619873663,2.1338496698378213,2.60469042790282,2.3389171965168867,2.443685122032434,2.426010880309253,2.489761107707585,2.2193319384608206,2.3426308600181858,1.9050246719888815,3.404634217575582,2.084895282910297,1.8813000477434352,1.754884996315219,2.2006257781939174,3.0076774037228753,2.000239436321702,1.2200624653160372,PS
1.8049211871217836,2.4770935715959,3.0692867066722913,1.817713391073463,2.3678405202884276,2.6390233761962048,1.8501492005637508,1.759886454191257,1.9272302639043222,1.5423781470005955,3.8533218813066417,1.9096766208410356,1.8801472864371815,1.8310861171900628,1.89752845336491,2.42399457376598,1.9640059387158482,1.2620352888690525,PS
1.3659950258576425,1.514855335055197,1.624365565204682,1.2961364226138536,1.5308568971467222,1.542974875491159,1.3114418865380786,1.2777068803949903,1.3031432454457466,1.1652865482703745,1.6417291756041112,1.3064948989710625,1.1625568907893498,1.2299061356058796,1.302745659152448,1.2970333848548568,1.3728497774272737,1.0557883378663653,PS
1.6507972004599782,2.007588978879404,2.3330790045876695,1.5803338368188389,1.902026216533054,1.9682094375925383,1.4958585743606112,1.554429221938269,1.7075881994085402,1.4118295845607456,2.3974473766436684,1.531388249733922,1.596097126446578,1.540489396332483,1.6004438274915234,1.6506370804242094,1.6558954814356872,1.1762797872936976,PS
